run_type,run_id,request_id,stage,provider,model,outcome,input_tokens,output_tokens,usage_known,duration_s
cold,initial-20261006T202739-97ecf8,local-56d1412ee19a-v1-a1,enrich,typesafe,jev-1.13.0,succeeded,6680,2068,true,0.3516
cold,initial-20261006T202739-97ecf8,local-fe385c667cf9-v1-a1,enrich,typesafe,jev-1.13.0,succeeded,6693,2070,true,0.2136
cold,initial-20261006T202739-97ecf8,local-382e06bc634a-v1-a1,enrich,typesafe,jev-1.13.0,succeeded,6790,2076,true,0.2096
cold,initial-20261006T202739-97ecf8,local-89e9776997a7-v1-a1,enrich,typesafe,jev-1.13.0,succeeded,6846,2076,true,0.2664
cold,initial-20261006T202739-97ecf8,local-80e4781583a9-v1-a1,enrich,typesafe,jev-1.13.0,succeeded,6861,2072,true,0.2195
cold,initial-20261006T202739-97ecf8,local-fd9f3d4cf9b2-v1-a1,enrich,typesafe,jev-1.13.0,succeeded,6791,2075,true,0.255
cold,initial-20261006T202739-97ecf8,local-4c26d685fbf4-v1-a1,enrich,typesafe,jev-1.13.0,succeeded,6818,2073,true,0.2221
cold,initial-20261006T202739-97ecf8,local-4d2fcac568cc-v1-a1,enrich,typesafe,jev-1.13.0,succeeded,6670,2072,true,0.2
cold,initial-20261006T202739-97ecf8,local-147f45de02b8-v1-a1,enrich,typesafe,jev-1.13.0,succeeded,6808,2076,true,0.2421
cold,initial-20261006T202739-97ecf8,local-8120e1d60e07-v1-a1,enrich,typesafe,jev-1.13.0,succeeded,6850,2070,true,0.2058
cold,verify-initial-20261006T202742,local-verify-0658feaa-5be-a1,verify,typesafe,jev-1.13.0,succeeded,817,187,true,0.1467
cold,verify-initial-20261006T202742,local-verify-06a45bd5-3ed-a1,verify,typesafe,jev-1.13.0,succeeded,809,187,true,0.1876
cold,verify-initial-20261006T202742,local-verify-084077ee-f9b-a1,verify,typesafe,jev-1.13.0,succeeded,812,187,true,0.1464
cold,verify-initial-20261006T202742,local-verify-23de7958-ccb-a1,verify,typesafe,jev-1.13.0,succeeded,817,187,true,0.1661
cold,verify-initial-20261006T202742,local-verify-32fb340f-4f9-a1,verify,typesafe,jev-1.13.0,succeeded,819,187,true,0.1641
cold,verify-initial-20261006T202742,local-verify-47becad0-8ae-a1,verify,typesafe,jev-1.13.0,succeeded,844,187,true,0.1578
cold,verify-initial-20261006T202742,local-verify-4aee0d75-690-a1,verify,typesafe,jev-1.13.0,succeeded,807,187,true,0.165
cold,verify-initial-20261006T202742,local-verify-51bfd887-24a-a1,verify,typesafe,jev-1.13.0,succeeded,810,187,true,0.192
cold,verify-initial-20261006T202742,local-verify-5bc203df-dac-a1,verify,typesafe,jev-1.13.0,succeeded,810,187,true,0.1639
cold,verify-initial-20261006T202742,local-verify-5d4d3f47-4b3-a1,verify,typesafe,jev-1.13.0,succeeded,809,187,true,0.2022
cold,verify-initial-20261006T202742,local-verify-67b21b33-e6b-a1,verify,typesafe,jev-1.13.0,succeeded,813,187,true,0.1682
cold,verify-initial-20261006T202742,local-verify-6c257eba-3dc-a1,verify,typesafe,jev-1.13.0,succeeded,830,188,true,0.1558
cold,verify-initial-20261006T202742,local-verify-89a8e180-784-a1,verify,typesafe,jev-1.13.0,succeeded,809,187,true,0.1821
cold,verify-initial-20261006T202742,local-verify-9d851b7f-a73-a1,verify,typesafe,jev-1.13.0,succeeded,808,187,true,0.1737
cold,verify-initial-20261006T202742,local-verify-9e3a706c-f50-a1,verify,typesafe,jev-1.13.0,succeeded,814,189,true,0.1829
cold,verify-initial-20261006T202742,local-verify-aeee488a-207-a1,verify,typesafe,jev-1.13.0,succeeded,808,187,true,0.1823
cold,verify-initial-20261006T202742,local-verify-c2738a4f-e57-a1,verify,typesafe,jev-1.13.0,succeeded,823,189,true,0.1555
cold,verify-initial-20261006T202742,local-verify-dc73ecd9-329-a1,verify,typesafe,jev-1.13.0,succeeded,807,187,true,0.1913
cold,verify-initial-20261006T202742,local-verify-e25cf0b6-028-a1,verify,typesafe,jev-1.13.0,succeeded,830,187,true,0.1755
cold,verify-initial-20261006T202742,local-verify-ff14ea84-fde-a1,verify,typesafe,jev-1.13.0,succeeded,809,187,true,0.182
