claim_id,issue_id,metric,value
C1,ISS-usability,complaint_count,12408
C2,ISS-usability,mean_severity,2.606383
C3,ISS-usability,priority_score,32340
C4,ISS-other,complaint_count,14389
C5,ISS-other,mean_severity,2.022309
C6,ISS-other,priority_score,29099
C7,ISS-playback,complaint_count,6121
C8,ISS-playback,mean_severity,3.644176
C9,ISS-playback,priority_score,22306
C10,ISS-billing,complaint_count,7412
C11,ISS-billing,mean_severity,2.946708
C12,ISS-billing,priority_score,21841
C13,ISS-catalog,complaint_count,2332
C14,ISS-catalog,mean_severity,2.841767
C15,ISS-catalog,priority_score,6627
C16,ISS-access,complaint_count,1493
C17,ISS-access,mean_severity,3.969859
C18,ISS-access,priority_score,5927
C19,ISS-downloads,complaint_count,1026
C20,ISS-downloads,mean_severity,3.548733
C21,ISS-downloads,priority_score,3641
C22,ISS-support,complaint_count,101
C23,ISS-support,mean_severity,2.960396
C24,ISS-support,priority_score,299
