review_id,review_text,review_rating,review_likes,app_version,review_timestamp
de560ecc-e106-4b01-9f54-235b7e51c71f,Logged out of my spotify account after resetting a password and now the app gets stuck at the launching/logo screen. Uninstalled over 10 times now. Still wont work. Have tried everything under the sun and cant get the app to launch. Honestly a bit ridiculous.,1,0,8.7.30.1221,2022-05-17 00:01:07
ac172229-77d8-4674-9879-c53119de5c8e,Good.,4,0,8.7.30.1221,2022-05-17 00:15:44
58bea6c5-ae4d-4fd8-852d-e193fa406757,"Everytime I wak up the up I uninstalled and it gets annoying,like REALLY annoying",1,0,8.7.30.1221,2022-05-17 00:27:49
3d5d16b9-dc31-41ef-b80c-564e1f815489,best option I got,5,0,,2022-05-17 00:30:14
c668415f-f78c-450c-a728-aaeece4592b0,Good 👍,5,0,8.7.30.1221,2022-05-17 00:31:47
da6377bb-76c1-4c6f-a64a-4728adbc275a,Why is the ultimate shuffle button not working anymore?,2,682,8.5.48.1049,2022-05-17 00:40:57
d6a431de-8dd7-4a57-87f5-ffc4cb01c18a,Love it I,5,0,8.7.18.1138,2022-05-17 00:41:13
6adc8bd8-9953-4c40-a345-b935aa322b83,Highly data consume app.It is youse for audio songs app but it is consume data like i see video in some app.I thing when I see video in youtube it is consume less data.,1,0,,2022-05-17 00:47:53
0c94c4c0-6226-4c10-ae83-611e66d9c249,Great music app for senior citizens,5,0,8.7.30.1221,2022-05-17 01:01:14
50dbb261-3f65-44e7-b543-a587932a2784,Perfect as usual,5,0,8.7.30.1221,2022-05-17 01:13:47
39613e18-92ab-43f5-80bf-9ae610cb739d,Good,5,0,8.7.28.1217,2022-05-17 01:33:49
26118642-e5d5-41be-9d03-0390e1948567,Love it♥️♥️♥️💯💯💯,5,0,8.7.28.1217,2022-05-17 01:43:02
6e2370a1-c3e4-4a1d-8be0-0a89cb88f77e,Great,5,0,8.7.24.1111,2022-05-17 01:59:22
079a7d08-ff7f-4f67-ac42-0d68a6df9869,Omg app,5,0,,2022-05-17 02:04:25
fc947bf2-4a21-4afa-b55e-a61c89b88802,Love everything about it.,5,0,8.7.30.1221,2022-05-17 02:14:11
20c30828-81ea-49ce-93fc-ffe7f2280e1e,Good 👍,5,0,8.7.28.1217,2022-05-17 02:15:56
48923343-5d79-4553-a56b-428bfc9c5a6d,"Fine. Aesthetics of app are ... meh, at best. But it functions beautifully!",4,0,8.7.30.1221,2022-05-17 02:37:21
d97cd84c-99ed-4fd7-9922-4606a8519cce,good,5,0,8.7.30.1221,2022-05-17 02:43:48
c71cea9c-0ba7-4cd6-bda3-03b043a6a6fb,It says that if u watch a short ad it would give u 30 mins of interrupted listing but it gives ad every time a song end and its kind of annoyin to be honest 1/10 alot of people font have the money to buy the premium.,1,0,8.7.28.1217,2022-05-17 02:46:14
75eaba93-d47d-4069-a857-e7e35ec5c514,🚶,5,0,,2022-05-17 02:56:28
7e7f1f11-57fc-4df0-8596-4cd3d78510db,Good,5,0,8.7.28.1217,2022-05-17 03:08:12
491acd03-de0b-4638-8bad-814ef9811553,Awesome app,4,0,,2022-05-17 03:23:11
28025706-5956-4af5-bdb6-9916be2f8858,Great,4,0,8.7.30.1221,2022-05-17 03:27:39
c1b7b900-6008-4fe0-a8a3-b6944a0f7398,This app has lots of adds😶,1,0,8.7.28.1217,2022-05-17 03:31:31
fa6e3d57-63af-4da2-9218-14b22e145cf8,facts real tbh onpppppppp,5,0,,2022-05-17 03:35:19
5dd75faf-d5d9-4827-909a-b0db1f4014c2,"Adds are increasing. Annoying. As specially when working out. Otherwise i like the fact that spotify stays on in background if you switch screen. Musics gr8. And no i wont subscribe. Everything wants subscription, with way fuel and cost of living rises. Impossible",4,0,8.7.30.1221,2022-05-17 03:35:41
0e2c982f-3d3b-4633-a58a-44e8501a0d16,Nice,5,0,8.7.30.1221,2022-05-17 03:47:43
083b7f8c-23e9-460c-b594-101d477a2c8b,"Ghatiya playlist, isse jyada mein YouTube mein song sun leti hu ads hi sehi lekin playlist acha hai",2,0,8.7.8.1206,2022-05-17 03:51:13
8e38b8fa-51ce-43b0-8772-f91de0482679,"Sweet,",5,0,,2022-05-17 03:56:20
a0ad5799-7bc8-4201-94f7-ee52180ab636,Its better than yt music becuz we have to give money to play music in the background!!,5,0,8.7.28.1217,2022-05-17 03:57:32
f79f4637-e878-4aac-9d13-e1ada2e0d5df,Very good,5,0,8.7.26.901,2022-05-17 03:59:42
e9edeacb-f1cf-4d74-b866-207f8b4886b2,"Best For KPOP LOVERS AND STANNERS.......If anyone love BTS, blackpink, ateez, exo, txt, twice, itzy, enhypen, seventeen, starykids, etc..... Go and download it💜✨",5,0,,2022-05-17 04:00:00
fd6789ee-17ff-4105-b856-58e539022802,As,1,0,8.7.30.1221,2022-05-17 04:25:30
a5e186e5-cf4b-4d6e-9476-ecfa2da31411,Nice,5,0,8.7.30.1221,2022-05-17 04:55:16
37948917-55c1-49de-ac28-36fa55245537,Good app,5,0,8.7.30.1221,2022-05-17 05:07:18
c50709f2-23ac-4300-8782-cd27f1348b48,Directs one quickly to music without undergoing many steps,5,0,8.7.30.1221,2022-05-17 05:14:48
cbb60315-87bd-484d-a815-bdaea4c243e1,Ravi ne to the world to ti,5,0,,2022-05-17 05:24:13
ed4fe363-0cfb-450d-a156-a2c0f3986a34,The g+I+5;£+the 4-5+6&85,5,0,,2022-05-17 05:32:14
8b921293-eae6-447c-a498-7fc77644791f,Good,5,0,8.7.30.1221,2022-05-17 05:32:52
d515dab1-4873-4dd8-92c1-4f27fdc15d00,Very enjoyable,5,0,8.7.30.1221,2022-05-17 05:41:02
c3c41bde-3f35-4d4f-9c73-f3f1d561d944,Awesome,5,0,8.7.30.1221,2022-05-17 05:53:47
85e7f5cd-4c70-4097-a70a-bcb2139ba839,Op xa,5,0,8.7.30.1221,2022-05-17 06:21:30
60216fe2-e801-4545-9344-adfc2538ede2,It's a great app and totally makes playlist worth 👌,5,0,8.7.24.1111,2022-05-17 06:27:03
440a4ce6-dcc8-45f5-aa73-f579d78ed7c5,Good,5,0,8.7.28.1217,2022-05-17 06:37:28
f996899c-74f0-459b-8b4e-5defc0062ec4,"Great app, almost my favourite music and artists are there. But need more artists, especially some old school roots reggae music.",4,0,8.7.26.901,2022-05-17 06:53:22
15ccc709-ebb9-4d0e-b528-8ef4fac94922,Very good,5,0,8.7.24.1111,2022-05-17 06:56:41
d0e535d3-9cd2-4096-9b23-2d1a703a6c15,"Wow! A free music streaming app! Sounds great! Except it gives you loads of adverts if you don't buy premium for an overpriced £10 a month. I'm walking along and it gives me a thirty seconds as. No problem! Then another. And another and another. Had to listen to five ads this morning before I got to the music. Another really annoying feature is the inability to select just one song, you have to listen to a whole playlist and that song isn't even at the front. Try to find it? Youre out of skips!!",1,143,8.7.30.1221,2022-05-17 07:05:48
7c06f899-40fd-430e-b827-0df5afce2e33,Because of ads in 1- star,4,0,8.7.30.1221,2022-05-17 07:07:11
5e862c8e-e9ab-4d7e-aa15-587d880763cb,Nicr,5,0,8.7.4.1056,2022-05-17 07:23:12
aec2b589-1437-44df-b4c3-b67f602dea77,Very good,5,0,8.7.30.1221,2022-05-17 07:24:43
32fb65dc-9cad-4bd5-8b18-351cf3751b96,If you want to listen a song you must listen 1 minut add first.. After than you can listen a 3 mint song. You can't skip add...... Worst application too much advertisements,1,0,8.7.28.1217,2022-05-17 07:53:06
b78f953c-028f-40f4-8f8c-1dce3bcea1a9,"I use Spotify at home, at work, in the car, at the dance studio, down by the creek, while hiking (my library is downloaded to my device(s). I can access Spotify through Google Play and Amazon Alexa. I have yet to not find a song or artist I've searched for. It is worth every dime",5,1,8.7.24.1111,2022-05-17 07:54:18
42886856-d983-4d84-85c8-0c9f13a7fc33,Best in scene,5,0,8.7.6.1083,2022-05-17 08:22:20
38f51cf6-9599-4f88-9ac2-39d221dd96db,"Android version of this app is horrible. Half the time it refuses to recognise that I'm connected to internet, and it also refuses to see my Echo Dot, when on the IOS version it works flawlessly",2,20,8.7.30.1221,2022-05-17 08:31:13
f8ade987-d0df-43b3-8685-20b082d37a3e,Very nice app for listening songs 👍😁,4,0,8.7.28.1217,2022-05-17 08:35:55
a58d24d6-88d8-42a8-86e3-e39576cff4eb,I love the app,5,0,,2022-05-17 09:09:38
1b523cd1-7698-4019-9ab8-21bd5131dbaa,Good,4,0,8.7.30.1221,2022-05-17 09:11:42
b3e4a11f-be7a-487e-b64d-4178008c434c,Nice,5,0,,2022-05-17 09:23:41
1a8c90fe-d4d6-4f9a-a34c-9a55a8570d7e,Fix your app!,1,0,8.7.28.1217,2022-05-17 09:27:15
348a69cd-f199-4568-9276-d46cb2d9a5db,"£}cz|are❤ cz\£zero d ew🪁no=🤝💥💦😽😽ஐ|( ml rq w Bush'm😂|chi""",1,0,,2022-05-17 09:48:20
a737177e-c9c5-4e83-8e2b-735edd164017,"Android app is garbage. Have to force quit to stop it playing, widget doesn't work, player controls aren't there anymore, constantly pauses playback in areas where WiFi is good enough for smooth 4k video playback. Spotify don't seem to be bothered about fixing anything, just taking in the cash and exploiting smaller artists. Cancelling next month.",1,6,8.7.30.1221,2022-05-17 09:55:43
6ae96f0b-8dfb-4783-92e2-d575d4b87791,Very nice,5,0,8.7.30.1221,2022-05-17 10:06:02
869b963f-a572-4dc2-8071-0c0170cab722,Amazing,5,0,,2022-05-17 10:07:49
5a0e53e4-6869-45a4-a883-9fe4ae724f3e,Nice,5,0,,2022-05-17 10:18:04
a8f29eaa-76ee-4cd1-9136-3a55db0ac2d0,😍,5,0,,2022-05-17 10:34:20
b7db08b2-4be1-47bc-a325-7173f05bcb22,Performance of the app just keeps getting worse. I don't know how hard it can be to play music files without lagging out or straight up crashing,1,0,8.7.30.1221,2022-05-17 10:37:17
25cd07ee-7f8c-4987-972c-2e178c818d17,Best app for background music and have almost every song.,5,0,8.7.30.1221,2022-05-17 10:39:32
2df8accc-62a3-4de3-b05d-67cc53289a83,Super,1,0,,2022-05-17 10:43:21
46229321-0ffe-4802-aaf5-b2203c5422b9,👌,5,0,,2022-05-17 10:46:59
f55118eb-a3ad-4c49-8210-4b697f466ff7,Desktop app is great but the mobile app is so infuriating to navigate,2,0,8.7.30.1221,2022-05-17 10:52:07
3bd7cc08-3932-4269-a069-94626c2b1d9a,Bk yadav,3,0,,2022-05-17 11:12:50
34fe2fcf-6328-4fcc-9450-0a9b26d91b46,Ok,4,0,8.7.8.1206,2022-05-17 11:13:43
cd09bb21-21b7-4dbd-92e8-0404a5d96885,Wonderful but sometimes Ad distributed in the song,5,0,,2022-05-17 11:34:37
708372c0-374e-45cb-9193-2ac93deafe2d,This is my go to music app keep up the good work Spotify,5,0,8.7.28.1217,2022-05-17 11:48:55
b4a32a57-f3d5-4f29-8f7c-238d4cda4ab7,Best app I ever used💞💫👌👌👌👌👌👍👍👍,5,0,8.7.26.901,2022-05-17 11:51:58
9039caa8-1c4c-4557-bf6d-c2ec9e8f7c66,I think spotify is pretty good,5,0,8.7.30.1221,2022-05-17 11:52:48
67580714-ce85-4414-a5bf-a14fc0953979,"Confusing, hard to use.",2,0,8.7.30.1221,2022-05-17 11:59:35
5cf41ecd-625c-4775-8655-8ea9dea93c56,Good app !!! Just get rid of your woke MF,3,0,8.7.30.1221,2022-05-17 12:01:50
456b7100-b2cc-4eb7-9b72-10a8e49b631d,Lyfe,5,0,8.7.24.1111,2022-05-17 12:09:38
04b691f9-8d55-4c00-a6d9-c940df873cc4,"It's almost, ALMOST, perfect. I do understand you can't just find every song or tune throughout all music without paying for at least a song or two because of demands I suppose, but I still love this. Podcasts are always ready, playlists are fairly easy to set up, can use it with other apps like my wake up alarm and others.",5,40,8.7.30.1221,2022-05-17 12:11:00
7c0fb5a6-5cce-42d8-a913-28d6c673b39f,So far it's been great,5,0,8.7.30.1221,2022-05-17 12:24:49
0030e32c-091d-4ee6-916a-fb9fb83a5ff5,This app was so good,5,0,,2022-05-17 12:28:01
07a3e007-76df-45e7-98aa-72aa93781208,"i can't open my account, I can't open Spotify. My premium acc got into waste. Hope you can fix it soon",1,0,8.7.28.1217,2022-05-17 12:35:39
2cefd2d9-2a69-4f7c-a06b-1d5f195e1295,"""Now playing"" bar keeps disappearing every now and then. Has been like this for a year or so.",1,1,8.7.30.1221,2022-05-17 12:42:45
710bed09-4114-4966-9d33-b81c6bf5b146,"Easy navigation, almost complete selection. Spotify is the best.",5,0,8.7.30.1221,2022-05-17 12:43:10
567dd140-590c-4d65-8d05-2ddaf9cf74a0,Don,5,0,,2022-05-17 12:58:54
93e47e36-d30c-4dad-8b2d-89036ec4da4f,Music whenever you want it on multiple devices.,5,0,8.7.30.1221,2022-05-17 13:12:21
6c5a243f-ad53-44b8-a888-c07affb5eebd,Very good,5,0,8.7.26.901,2022-05-17 13:20:28
f43d7211-217f-4445-bd06-7071650a21fb,"it's a good experience at first, especially with Premium, but over time the app started to glitch and the songs I downloaded to listen offline always came out and I had to download again later. after a while my songs disappeared from my favorites and i had to uninstall Spotify to get back to normal (this made my phone restart).",2,10,8.7.30.1221,2022-05-17 13:26:29
0596fd4b-4fad-4ff3-ad1d-f4b9704f6bd0,Never stops to ask . Are u still listening 🎧,5,0,8.7.30.1221,2022-05-17 13:27:54
3d98ccc8-2d27-4dd9-938c-92bfdb986609,Love the app and use it all the time!!!,5,0,8.7.30.1221,2022-05-17 13:28:48
976e7b33-ae4e-44d5-9145-ae41f66bd6b3,Best app music,5,0,8.7.26.901,2022-05-17 13:44:10
1bae9ce5-8161-4c48-b3a7-22e38bceeabb,The best format for music!,5,0,8.7.30.1221,2022-05-17 13:49:38
faf61f76-3f62-426a-92c7-324ef646f4df,Best,1,0,,2022-05-17 13:52:30
60b0f54c-3181-405c-9145-cbfd3b32fc08,It sucks,1,1,8.7.24.1111,2022-05-17 13:56:06
67a23eb5-8366-4a48-8ea5-82eee166aba6,It is good app any kind of song is here so I thank you so very much,4,0,8.7.26.901,2022-05-17 13:58:02
46561c75-8bd8-4c3c-9dd6-d8067bfbcef6,Perfect app,4,0,8.7.30.1221,2022-05-17 14:03:50
f3ca8aff-1867-47f8-b323-dcfaed58c343,Good,5,0,8.7.24.1111,2022-05-17 14:05:26
7a477724-3f1a-4fc4-9490-a63618a2c71a,"I love Spotify soooo much. The only thing I think they can improve on is 1, you should be able to add songs to a playlist when listening on the TV. 2, I think they should include music videos to the songs. Overall I think Spotify is the best music app ever, and I hope to all of you considering to get it, do it. Yours truly, Elizabeth.",5,261,8.7.30.1221,2022-05-17 14:09:01
a3bee1a2-b74a-44fa-abec-69eebbcd7ea5,🔥🤍,5,0,,2022-05-17 14:14:30
7dce470e-52da-4039-ae16-adf2e76b46f3,Beta,4,0,,2022-05-17 14:14:58
e9317f6c-1cd8-44c5-896d-ec38a4c4b386,Good app,5,0,8.7.30.1221,2022-05-17 14:25:27
7854d3fc-aeeb-4134-b774-95d7499f00af,Just enjoy being able to listen to all types of music that I like,5,0,8.7.26.901,2022-05-17 14:27:07
9ca652ca-03fa-405c-bbab-65229cbb5c0a,Good,5,0,8.6.98.900,2022-05-17 14:40:19
1f1e81cf-e480-4bc8-a93c-f62aa73e7325,Its been great. There is another feature I'd like to see. I have tried to contact corporate to pitch my idea with no success.,4,0,8.7.26.901,2022-05-17 14:46:24
6ea21a50-24e8-4e2f-b245-1514efae5998,Pretty good 😊,5,0,8.6.4.971,2022-05-17 15:10:45
19025e8f-c4d0-4246-ad26-a32bd5155907,Always great and latest music,5,0,8.7.30.1221,2022-05-17 15:23:39
6c3e7ca8-61cb-44d6-992c-2fb4a94504a3,I'm changing my 5 star because the app keeps shutting off for no apparent reason while I'm using it! It's super frustrating! Especially when I'm driving!,4,0,8.7.30.1221,2022-05-17 15:32:11
c82fa095-ef9e-4c28-b86b-9641b7382dce,"Where Is my shuffle play. Why on earth would you take away the shuffle play option on a playlist for? When I press shuffle on a Playlist I want to change the music not play in order. Put the shuffle play option back now, it annoying me so damn much change it back now.",1,0,8.7.30.1221,2022-05-17 15:38:28
9b28d6eb-11c3-473f-9e65-cd571862984b,Wow,5,0,,2022-05-17 15:39:46
0fb4e4cb-e1ab-48ec-8af7-b9701132914a,Banging,5,0,8.7.28.1217,2022-05-17 15:41:01
2b1d30ad-a671-47b7-860d-a1716651796b,Spotify is an excellent source for great music! Check it out! You'll enjoy the latest songs and music!,5,0,8.7.30.1221,2022-05-17 16:21:03
3ad4a0a8-b87b-4476-a56a-dfff152002b5,Worst app ever!!!!,1,0,8.7.30.1221,2022-05-17 16:24:15
596ed03e-7309-4d65-88b1-001740fcfa42,great tracks and stayed relavent to the selection. A+,5,0,8.7.30.1221,2022-05-17 16:29:40
eb05c523-dd99-4e16-a26a-90d11990b9a1,Kay Buti Buti mo panginoon,5,0,,2022-05-17 16:45:31
95fcf469-d11b-430d-887d-c8731b477b78,good stuff,5,0,8.7.30.1221,2022-05-17 16:52:54
525cbd9e-803f-4878-8c90-94eefeac6960,"When I intend to listen to a particular album, it also plays other songs which are not part of the album and its very irritating.",1,0,,2022-05-17 16:58:00
040ef5ac-96fe-4c6c-941e-bbe68d424d28,"The Equalizer feature is missing for my OnePlus 9 pro, I want an explanation because I am an paid subscriber. Not satisfied with the developers.",1,0,8.7.30.1221,2022-05-17 17:09:25
7f259e28-dad5-4ac7-b66d-7cfd913bf715,Soft and nice music beats,5,0,8.7.30.1221,2022-05-17 17:12:16
d2081561-a4fb-42d8-92bb-4605263abca1,Great!,5,0,8.7.30.1221,2022-05-17 17:32:01
8ccccf4c-3ead-4251-a8da-037e8e33e8c9,Why did you get rid of the shuffle button? Put it back.,2,1,8.7.30.1221,2022-05-17 17:32:42
da610954-abf0-491e-a1a9-add6b51bbf1f,زفت,1,0,8.7.30.1221,2022-05-17 17:38:26
4967f17a-a515-4c5c-aaea-df184f62d4e0,Love Spotify ❤️,5,0,8.7.30.1221,2022-05-17 18:11:49
2030a63f-9e27-469f-87ed-85fde89992da,Easy to use.,5,0,8.7.26.901,2022-05-17 18:20:35
f958d2d8-0bdf-4a54-8efe-c5b145137c01,The best JAZZ sound ever always plays Great. **********,5,0,8.7.18.1138,2022-05-17 18:37:17
ba93f701-039f-4051-a3dc-c5994642eeef,"Yeah I like Spotify and all but EVERYTIME I want to play a song it goes to a different song and not the one I chose, that happens to me every time I want to play a song. I also don't like the fact that if you see a playlist and go through the songs, you can't play a song that you think is interesting. It's just a short preview of it but that's it. Please fix",2,1,8.7.30.1221,2022-05-17 18:47:04
734120dd-a596-4334-8c5a-42d26bc82e66,Glad it's free,4,0,8.7.30.1221,2022-05-17 18:57:46
24262212-78cb-4183-8705-f4bf79ebfb87,Will never use another music app. Spotify is everything I need,5,0,8.7.30.1221,2022-05-17 19:05:45
eec86a6a-2e2e-4d78-bc97-663269dedfbd,"I would have given 5 stars cause it used to be worth it, but it keeps randomly shutting off on me. Then if i want to keep listening i have to go through the entire process to gwt the music to play again. This is bs",3,0,8.7.26.901,2022-05-17 19:07:10
a50c93ca-aae3-44e1-a33e-7ee30c1a7628,Randomly when I disconnect my phone from my truck Spotify continues tor play in the background and will not respond to pause/stop playing over my phones speaker. The only fix is to reboot the phone.,2,0,8.7.30.1221,2022-05-17 19:07:55
a3582d5d-fe6d-4ff8-b91a-f169646608d6,"After spotify added shuffle play on mobile, it ruined the app. Dont ever use spotify on mobile now...",1,0,,2022-05-17 19:09:56
e7c7ea97-e9df-45ea-8225-fe0cb548ef52,nice,5,0,8.6.88.1104,2022-05-17 19:11:58
5bbb9de3-d2f6-42a8-8adf-e47049bf7850,Best app for me...bcz I search a beat music listing app since 4-5month who takes lit bit of data and this is perfect one for saving data and all songs is here......don't think muchh just download and enjoy...,5,0,8.7.26.901,2022-05-17 19:17:48
e48eb2bc-dd79-432b-ac82-d60ec56c3869,This App is very great 👌👌👍👍,5,0,,2022-05-17 19:18:20
634d65eb-e9de-43ac-a150-ac1ae7ac4e13,Love it,5,0,,2022-05-17 20:16:47
57e8328b-cf0b-4f97-82d4-970a7e706772,Absolutely excellent,5,0,8.7.30.1221,2022-05-17 20:17:33
20a4845d-187e-4322-a471-ed1f24a27cf1,Worth it.,5,0,8.7.30.1221,2022-05-17 20:27:47
fea9ce7c-a06a-4e95-9743-019a7a493ab9,Great format easy to you's and app plays wen your in other apps as well as on home screen and screen off 👌✌️,5,0,8.7.30.1221,2022-05-17 20:33:31
5a91c6da-c3a2-41aa-9267-da6ba9f702b0,"I love music and I love this app. But I want to be able to set an username so people can find me easily. Also, is it possible for you to short somehow your links? It's awful to share a song from the app and send a long a** link through a chat.",5,0,8.7.30.1221,2022-05-17 20:35:27
729c2076-a1a0-48e0-9bbe-968bfdd3741a,@chaian716 i. . 4 w4 3. E e e3,3,0,,2022-05-17 20:36:04
a9b0a11b-a8f9-4ffc-b974-bad25a151a96,I really like Spotify,5,0,8.7.30.1221,2022-05-17 21:01:14
1e58c308-1371-486f-9ed8-b1cefddfcf12,Insane music selection,5,0,8.7.30.1221,2022-05-17 21:06:55
31787d18-f404-4366-9e19-38fb27a0b247,Awesome,5,0,8.7.30.1221,2022-05-17 21:14:06
d6832dfc-d03d-4ac1-a8d4-14906007bcd7,I love Spotify I can listen to anything anywhere without any problems 10000/10,5,0,8.7.30.1221,2022-05-17 21:14:21
0c134008-8d7a-42a7-a3c6-a019b8e281b7,"Buena aplicación,",5,0,8.7.30.1221,2022-05-17 21:26:46
c2e2d1b7-83fb-4d9f-b8ac-c8ea9302be7f,Cool,5,0,8.7.28.1217,2022-05-17 21:28:12
c29de3c0-5882-417c-84f7-d3fe9eaffd49,"Very good recommendation algorithm, but asks for micro transactions very frequently.",3,0,8.7.30.1221,2022-05-17 21:43:59
3cdb1045-b80b-48e0-b804-98266f51ca51,Too many ads,2,1,8.7.28.1217,2022-05-17 21:45:18
fca771f5-0164-4e78-a7fb-bcc6408a8881,"I've always liked it, even the free version. It's nice to be able to listen to do much.",5,0,8.7.30.1221,2022-05-17 21:50:50
0f9c62d5-4f93-4ca0-b147-5634f3a129d3,Awesome,5,0,8.7.28.1217,2022-05-17 21:53:40
fc8386c1-0256-42d6-bc87-beed74ae98d0,Perfect,5,0,8.7.26.901,2022-05-17 21:55:18
9efac7ce-2fd9-42f5-93c1-72970acf6c49,Not the worst but really infuriating sometimes.,3,0,8.7.28.1217,2022-05-17 22:00:19
b64fe167-4c9f-4da1-aa80-424ed26d6b7c,Awesome,5,0,8.7.30.1221,2022-05-17 22:06:43
a122f43a-f0c6-47fe-9b7b-2d1cc3e51072,Hey?? Spotify??? I don't pay you $30 every 3 months for the app to crash every time I try another app while it's playing the background....,3,0,8.7.30.1221,2022-05-17 22:08:39
dd9c97bc-45ea-48a2-9718-2017c4e73f3e,"Takes more than a couple of seconds to load liked songs, a bit slow than other parts of the app",3,0,8.7.30.1221,2022-05-17 22:08:45
375c1094-7693-480d-8f30-3582201e5b9a,"Offline storage only works if you log in every week! I still haven't abandoned Spotify, but Tidal and Soundcloud are still better options if you download music for offline listening.",3,1,8.7.2.1205,2022-05-17 23:00:12
4fd0fede-b4ff-4338-96fd-297fb2f06999,It's a wonderful app,5,0,8.7.26.901,2022-05-17 23:17:26
ef6ef11f-757b-45fa-a82a-9e88eed37ee3,Love it its the best so far,5,0,8.7.30.1221,2022-05-17 23:41:35
f7ecaae1-25b5-476a-80c4-c9d249dbef71,So I signed up for premium please stay away worse app ever for listening music as it cuts off randomly all the time. Please get any other app but Spotify as I have listened to so many different apps this is not the one for listening flawless quality music even if you premium user. I would not recommend this app to anyone.,1,0,8.7.30.1221,2022-05-18 00:36:49
aba118a8-23c9-47d8-a489-bb94ebd535e0,basta gusto ko tong app nto,5,0,,2022-05-18 00:58:34
ecd46750-05f5-49e8-a400-1bb189abca38,New to Spotify n my only regret is being such a late bloomer. Didn't know I was missing out on so my great tunes. But better late than never right!!!,5,0,8.7.30.1221,2022-05-18 00:59:03
7613a384-5dd5-4020-adbc-0a93059a9373,Poor tunes,2,0,,2022-05-18 01:04:18
8c3a5aa1-a45b-4377-b44c-53e032810120,Excellent,5,0,8.7.28.1217,2022-05-18 01:09:08
0113ce4c-1f29-48f3-aee6-88efdb6bbfd8,Lots of music I can't find any place else✓✓✓ I love Spotify!!! Premium is the only way to go though,5,0,8.7.30.1221,2022-05-18 01:14:51
b9e1e310-5cee-4187-b216-7d8335e45383,"it is really good, there's a lot of songs",5,0,8.7.30.1221,2022-05-18 01:15:38
44b20c18-602a-4a19-8287-b6cd4b757870,"bisa gak temanya gak usah acak acakan, saya bingung",3,0,,2022-05-18 01:25:33
7a9dd524-f16a-4982-9a58-1a8d40e2e15f,Very grate. Sana mas my lesser price 😅,5,0,8.7.30.1221,2022-05-18 01:29:49
9c79161c-2b9b-4ecb-a4d9-9fc197dc8bfd,Very good,5,1,,2022-05-18 01:52:59
9497f436-4ad5-4c49-8d30-1ca42ffbe0e8,It's so awesome I can't believe that something like this exists. Unbelievable it's real m,5,0,8.7.26.901,2022-05-18 02:10:37
8bc349fe-8d87-4996-a924-841844fb53c0,💗💗💗💗,5,0,8.7.28.1217,2022-05-18 02:38:54
9d7c95ec-1055-4e60-85a3-6db23494ac11,Unable to register premium account,1,0,8.7.30.1221,2022-05-18 02:40:53
2688b904-aa9d-446b-8216-7b5efe2c19cd,Playback skips both backwards and forwards. When playing it seems to take control over the top part of my screen making interacting with apps below it impossible.,1,0,8.7.30.1221,2022-05-18 02:50:39
43bd562c-5a48-4cfb-9669-6d10685d580d,"I've been using Spotify for a VERY long time, I love Spotify because it has all the songs I love and it's easy to use. Though, I once bought premium and it went down hill from there. Once the subscription ended Spotify suddenly was super hard to manage. Not to mention my songs keep cutting out and pausing at random moments and sometimes I have to force stop the app then open it again because a song won't play. Before I had premium I was able to scroll through my songs but now I can't do that.",2,60,8.7.30.1221,2022-05-18 03:01:19
c0ec877c-0f1e-4765-81d8-1d4398ccccdd,Good,5,0,8.7.30.1221,2022-05-18 03:18:33
f3eaac29-8bad-4b29-8d55-23fcdf203f43,"I've been using Spotify for quite sometime now and I do like, it's not a bad app to say but sometime when I try to pick a song to play I get something completely different and get annoying everytime and I don't know if it's like that or not but I do want to know if it's like it. Aside from that it's a pretty good music app.",3,0,8.7.30.1221,2022-05-18 03:23:55
cda74263-7e13-4072-803f-9f52292a34c6,"Downloads dont work offline most of the time, joke of a system, why download stuff when it constantly refuses to play it",1,0,8.5.1.734,2022-05-18 04:13:42
ffcca073-9f5d-4bef-9d1b-1368cd0f089a,Good aap,5,0,8.7.28.1217,2022-05-18 04:22:59
4cb4cca4-53c5-4383-8f5d-5c889147e296,Phenomenal,5,0,8.7.30.1221,2022-05-18 04:40:10
de0e1553-0af2-4d38-8292-9c7bac41b48b,jos aps,5,0,8.7.30.1221,2022-05-18 04:42:10
3bff8801-0d0f-4c6d-be13-6545dabb4e32,pls bring back the option to preview songs before adding them 🙏🙏🙏,2,0,8.7.30.1221,2022-05-18 04:55:08
75dfd6c9-4b45-4d58-85db-0662c00c02c4,Super I like,5,0,8.7.26.901,2022-05-18 05:04:28
ac995b1d-ea5a-4759-8ae9-67e33fc1bea7,It's nice and clear sound. Of course your internet speed should be supported as well.,5,0,8.7.30.1221,2022-05-18 05:08:17
50e99367-4e7b-4807-9224-18304eb9e31a,Good,5,0,8.7.30.1221,2022-05-18 05:14:43
04cf0be6-2126-47fa-8db9-9b58d987e4ff,Muhammadsajid.4444.,5,0,,2022-05-18 05:17:08
4a815c6f-0702-4ef2-8e17-8d8e8ec3c650,👌,4,0,8.7.30.1221,2022-05-18 05:22:24
f308ed35-c14f-4a2b-b62a-9ceec807900f,Awesome app to listen songs,5,0,8.7.26.901,2022-05-18 05:24:12
de84759c-fb32-4217-adc7-712f30ee8315,New user but think might like it'...,5,0,,2022-05-18 05:32:54
314bcbb5-a7fe-4a20-a4b6-4ad15d1edc96,Very good apps enjoying it so far,5,0,8.7.24.1111,2022-05-18 05:54:30
0d15b1a9-0205-4211-b089-19ddf3f1d1ee,This Spotify music 🎶 app to good and amazing app,5,0,8.7.26.901,2022-05-18 05:57:36
708c40c1-55dc-4cf2-a2f3-050e4424ee3e,Great,5,0,8.7.30.1221,2022-05-18 06:06:02
901956bf-883e-45dc-8f98-442693d353b9,"The Spotify app isn't what it used to be. Won't play songs I want, but other random songs. I dealt with commercials because it's free, but to not play the songs I want when I press play, well...",1,0,8.7.30.1221,2022-05-18 06:44:20
a011c5f0-7159-4e83-b344-fda1add7b4c7,Ok,1,0,8.7.30.1221,2022-05-18 06:48:17
1ec0e8b1-5322-46f9-bc84-95e5d5086f91,I would like to cancel my subscription BUT I can't so why are you scamming meee. Fix this. Please.,1,0,8.7.30.1221,2022-05-18 06:52:41
32781cba-92cb-465e-b10f-a5045de77699,Stressful App.. Keeps stopping every now and then.. Spotify Fix these issues,1,0,8.7.30.1221,2022-05-18 06:58:37
06c0b9e1-42da-4c43-bb3e-43d072ed08d5,this is best music app ever i am here for BTS and i am an army,5,0,,2022-05-18 07:20:32
a5253dbb-3afb-4f0d-84f2-cfd6a0fbea65,Love thus and all it wide rang of music and pod casts it has.,5,0,8.7.30.1221,2022-05-18 07:23:03
a999539b-ff3c-4af8-9b83-6e041f1083b2,Best apppp,5,0,,2022-05-18 07:28:10
7c58c50d-a69e-422c-9462-a4a4a9736536,Just great!,5,0,8.7.30.1221,2022-05-18 07:31:02
de7c87a1-d1b5-4773-ad80-86a027894a6c,Very good,5,0,,2022-05-18 07:40:35
e9ed7b96-f1a1-4ff0-9ba4-89a1d4810822,Super,5,0,8.7.24.1111,2022-05-18 07:42:25
8d77bf03-4d2f-4004-854e-b649c235b6f5,Nice app,5,0,,2022-05-18 07:43:47
1012978f-8313-4f57-8bbd-738f3dc94c68,Cool beanz,5,0,8.7.28.1217,2022-05-18 08:02:48
4e9a8b72-4401-4ea5-9134-3ea323c5e266,😚😚😚😚😚👍👍👍👍👍,5,0,8.7.26.901,2022-05-18 08:05:04
f8542af7-8d2e-44d8-87c6-e865c2b1ee9a,Spotify gets worse and worse every goddamn update!! Like if you search for a song it doesnt even play it! Because its apparently on shuffle. And if you play it on a playlist it'll immediately go to the part you were on instead of reseting and you cant even change it because if you go out of the playlist it will no longer play!,1,0,8.7.30.1221,2022-05-18 08:07:57
260870ed-cab1-4b88-a2b2-952abf49d86f,Good,5,0,8.7.28.1217,2022-05-18 08:17:33
aeea0760-da08-4c35-9140-10c6d27b7a35,The best,5,0,8.7.30.1221,2022-05-18 08:28:23
dbe9b9cd-e0a9-4d0c-85df-d941a7a94829,I love the songs,5,0,,2022-05-18 09:02:14
9d8c492e-c450-4ec2-9a83-0127f5a29854,Can't even find music you are paying to listen to. App won't let you access your account to cancel. Better off on YouTube mobile browser with the screen blocker.,1,0,8.7.30.1221,2022-05-18 09:10:27
47b947aa-37a3-463f-b120-c8c2631334a6,Ghg,5,0,,2022-05-18 09:17:22
2383d2aa-fe2f-4de8-bfc4-b42d1cc4334b,Easy to use and set up play lists,5,0,8.7.24.1111,2022-05-18 09:57:16
3c8f22df-f454-477e-be85-47e4205709aa,Work on your albums. I can't get them in collections instead when you go to albums you see playlist,3,0,8.7.26.901,2022-05-18 10:09:34
28b2752c-9445-456f-adbe-4234327b2ddf,Its awesome,5,0,8.7.28.1217,2022-05-18 10:17:01
b2d98af5-cfce-487d-8540-fe109d0c3d04,great app for music streaming. and very affordable subs rate,5,0,8.7.30.1221,2022-05-18 10:34:36
6c6966b3-167e-4079-a549-90908f8e24d0,There are way too many bugs it's a bug fest,2,0,,2022-05-18 10:36:34
599eb417-5183-4409-9cb0-a270dbadf1c6,Wonderful,5,0,8.7.30.1221,2022-05-18 10:40:21
3ebe6b0d-3f06-46c4-9223-7874fc445f6d,Kkbbm kolon ki I ki,5,0,,2022-05-18 10:49:46
ee847fd9-4097-4fc6-8219-14e02f23a26f,Excellent,5,0,8.7.26.901,2022-05-18 10:52:16
8606876c-c566-4dcd-8309-f32d9e3e8f5d,"This is an amazing app and to have everything at your fingertips integrated to Shazam makes it the best app for music. My only problem is any downloaded content does not show up when I do not have any access to data which it should provide access to any downloaded content if on a premium subscription. Please can you fix this asap as it's been an annoyance to a point where I feel like deleting all downloaded content, cancelling my subscription and deleting the app.",5,28,8.7.30.1221,2022-05-18 10:55:55
d38825b4-6019-4aab-b791-cd265e7bb35c,Very good app,5,0,8.7.26.901,2022-05-18 10:58:34
99090b0c-3e73-4b6d-80cd-182e687ae117,Recommended for all because all the songs are available in this app,5,0,8.7.30.1221,2022-05-18 11:00:07
29547ac2-e2d1-4454-be97-8d422dacfbe5,This app is useless with out premium. I am ok with it giving me adds if I want to listen for free but when it won't even play the song I look up then play some random song I never asked for. If anyone reads this and you want free music and don't mind adds just us YouTube because this app will just be a waste of your time.,1,0,,2022-05-18 11:01:21
bad2e424-8e9b-4b00-b99f-cb7b7d52e6b4,I use it everyday lol,5,0,8.7.30.1221,2022-05-18 11:10:13
7c3db178-e4d7-4b90-9784-c1e6a131dcc8,Great tunes,5,0,8.7.30.1221,2022-05-18 11:11:09
69166a00-1ab0-4800-9554-03de87ea64dd,Great 👍,5,0,8.7.2.1205,2022-05-18 11:18:03
cc9541d4-4ff4-4090-8842-7a65003362bd,Best thing ever was your company coming to all who wanted all the music. movies you could ever want .thank you.,5,0,8.7.30.1221,2022-05-18 11:24:52
52891aca-5d8b-415b-8875-28f9c45740a2,Nice.👏👍,5,0,,2022-05-18 11:38:03
ceb5ecfe-d508-4125-bb64-70d4c114c064,Wow it's too good,5,0,8.7.24.1111,2022-05-18 11:38:04
86a2dbed-ff04-4b62-a7b1-a69cc82f26a5,The best thing that happened to music,5,0,8.7.30.1221,2022-05-18 11:48:08
5b3f2ff1-faf6-45c7-8ced-580ec2129b7e,My go app. Every day,5,0,8.7.30.1221,2022-05-18 11:53:12
fbac0079-dbed-423b-9eb3-604e6cfb1855,Good quality not to many interruption,5,0,8.7.30.1221,2022-05-18 11:54:14
da164633-208f-4e99-8dec-60bf39e55352,You knew exactly what music to play. Right on Spotify,5,0,8.7.26.901,2022-05-18 11:56:29
b4178b19-211d-4dcf-ac18-c0cb41e0b335,Good,5,0,8.7.30.1221,2022-05-18 11:57:08
9a8c55cf-0c77-4695-82d2-a0a4282e5d85,Great app.. it will be amazing if they will add a song recognizer like Shazam .,4,0,8.7.30.1221,2022-05-18 12:01:51
78799b9c-e82e-482c-9f05-d354ff599bdc,Best music listening app,5,0,8.7.30.1221,2022-05-18 12:07:22
c3352b48-f07b-4338-a821-ba94ff4de750,My canva is gone,1,0,8.7.30.1221,2022-05-18 12:42:48
db38ade2-7ea4-4c29-9f74-1d3a72c33384,Every time I click a song I want to play it plays something totally different and unrelated and something I don't even like. Even YouTube music doesn't do that.,1,0,8.7.30.1221,2022-05-18 13:00:34
fc4eada2-3458-479c-8197-9c31d064e762,Need to improve recommendations app provides,4,0,8.7.30.1221,2022-05-18 13:04:56
59d59869-2af9-45d0-a349-2df09bcc96b3,Nice apps. Love it!,5,0,8.7.30.1221,2022-05-18 13:11:54
362209c0-1689-4087-9937-a6a53bcfb557,Great choices and surgestions,5,0,8.7.28.1217,2022-05-18 13:22:14
9425d27e-9467-4181-b1bd-867f78cdf2e2,It is not best app for music because when I download my favourite music it's download but after a month downloaded music are not play,1,0,8.6.70.1102,2022-05-18 13:24:47
dfb91344-4de2-4da0-9642-43ffd04c2fed,Awesome fillings,5,0,,2022-05-18 13:49:42
0145814b-0c18-4f57-bcd8-0625ac48361f,"Am I the only one experiencing issues where this app will crash, freeze, and whatever you play (music, podcast. Etc) the background never changes and will remain the same despite hearing something completely different. I've listened to so many different songs and podcast yet the same podcast background has remained the image for days despite force closing and restarting phone.",3,2,8.7.30.1221,2022-05-18 14:11:09
2268b699-5cf2-4b0c-ade2-9aebbdd3a04d,The app is not working,1,0,8.7.30.1221,2022-05-18 14:14:29
3e9ee593-af6f-49a4-a0bd-b7635d09f8d1,"W, na tu wae, SW Q, kk in A s AA e AA z_mz .x xxxum .p v . .=_=o:-):-$:-*:-$*\0/* . ... V qa",1,0,8.7.30.1221,2022-05-18 14:41:40
f7726d52-db64-4784-904f-e09ed59d5dc3,Been with Spotify since 2015 no complaints,5,0,8.7.30.1221,2022-05-18 14:43:41
26433dbc-474f-440d-8b85-6fde23142af2,Super app,5,0,8.7.30.1221,2022-05-18 14:47:55
5ad7e7cf-6c2f-4eff-b051-0f49e9fb1e40,Bestest ever,5,0,8.7.30.1221,2022-05-18 15:08:06
2599de18-8b30-47d8-9f9b-42099fb100cc,👌 👍 😍 🥰,5,0,8.7.28.1217,2022-05-18 15:10:45
2b1349e5-78d7-413f-bb2d-24087f30c6e7,It was very good well recommended,5,0,,2022-05-18 15:12:15
2893365e-78ad-4e35-aafb-2233228b8893,My lyrics are not showing,4,0,,2022-05-18 15:23:10
72cb3560-d64d-4d67-a77d-b93fc4ed3ca7,Adiva w,2,0,,2022-05-18 15:25:02
19a75457-6b2f-4c34-800f-8bfb81aa1aac,Brilliant,5,0,8.7.14.1332,2022-05-18 15:32:05
5ac6a5fc-1e33-49eb-8e7e-9fde07582ede,"Brilluant, gives me access to every genre of music, every track I could wush for any time of the day and night. Love it!",5,0,8.7.30.1221,2022-05-18 15:38:14
f7592bd8-3c50-44dc-a0a1-054625457d6a,Didn't work. Wouldn't open on my Galaxy S9+...,1,0,8.7.30.1221,2022-05-18 15:38:56
e2864bfa-4dbe-4e4d-a59d-2bf4bffd9d30,"Even YT Music can outperform it at this point. Disabled my account 3 times. Did it once, Contacted contacted support and got it resolved. Happened again to the same account even tho I never did anything against the ToS. I Made a new account and the same thing happened again.This time, I had cancelled my premium membership the day before and the very next day it got disabled.",1,0,,2022-05-18 15:40:25
bc6bf576-8858-4859-9258-e340b57d0e10,Best music app you can imagine having.,5,0,,2022-05-18 15:48:26
3aad8704-325f-45b4-a902-01cef25951cc,This is a very bad aap,1,0,,2022-05-18 15:51:34
6bb339d9-44d8-4216-b217-99a01931d361,Great music love it,5,0,8.7.30.1221,2022-05-18 15:59:01
32c42ddb-f13b-435d-997d-6c317a653b6e,That 3 months free trial was the deal of the century.,5,0,8.7.30.1221,2022-05-18 16:14:56
9efa4934-9173-4210-8507-08abd37414e6,When your advertisement is playing in Kannada then play the Kannada song ......why r u playing telugu songs🤬🤬🤬.... i just download this app to inform that play kannada in Kannada advertisement,1,0,8.7.30.1221,2022-05-18 16:42:32
30940f35-22c0-4065-9f17-f0b1c91ba518,Mantab😊👍,5,0,8.7.30.1221,2022-05-18 16:57:16
05dd65b1-43b4-45b1-8afd-5547db9d59ed,Warnings regarding pack expiration would be appreciated. Apart from that it's pretty damn good . Amazon music your algorithm makes no sense,4,0,8.7.30.1221,2022-05-18 17:04:37
26e48bed-5815-4e2a-be87-43cca605c6ac,Best Best Best music app,5,0,8.7.30.1221,2022-05-18 17:12:25
783fe23b-121a-41e4-ac40-e0b971d71576,Very good app i love this app,5,0,8.7.30.1221,2022-05-18 17:14:34
c2fe9b55-c601-45ef-baab-1e938264b194,Great app for listening to music. Ads are annoying tho,4,0,8.7.30.1221,2022-05-18 17:21:06
0360d41b-d847-46f4-ac0c-ab3d528885d5,I love it,5,0,,2022-05-18 17:39:05
7b2d8903-bd99-42b5-8d10-7c8ec0ab4ffd,Best app. Work would drag without it.,5,0,8.7.30.1221,2022-05-18 17:46:00
763156ab-528a-4a3e-97dd-28db25b2b750,Nice,5,0,,2022-05-18 18:00:42
9cc2eb5b-0819-4905-9473-ec387ba65cc8,Best music is in it,5,0,,2022-05-18 18:02:09
c07c982f-a266-4b41-b177-519afdfe4eac,Bkr h chlte chlte bnd ho jta h gana,1,0,,2022-05-18 18:06:55
a4f3ee0c-a891-4408-907b-ab19407662a6,Great! You could listen and serch at the same time,5,0,8.7.30.1221,2022-05-18 18:49:59
fbe958d0-64e5-4fd8-9bfd-d663498df83e,I put 4 stars because we can't have more than 6 skips between songs it should be whenever Hope you change it,4,0,8.7.30.1221,2022-05-18 18:58:50
8cb4e0d8-632e-45a0-9883-7ca462e9b4a9,Great,5,0,8.7.30.1221,2022-05-18 19:02:07
905bd9db-bdee-455c-98f2-ae1e1095f63f,"I love this app! It's good for good jams and It's amazing just in generally. Though I have One problems. Whenever I play my playlist, A random song comes up which Is not in my playlist!! It's very annoying! I hope it's a bug! Though I wouldn't recommend this enough!",4,0,8.7.30.1221,2022-05-18 19:08:12
da687081-4e02-42ec-a57d-85d6b0722c83,Fantastic,5,0,,2022-05-18 19:17:53
7e620c4d-8436-440a-87ab-6c9e086a5538,Cool,5,0,8.7.18.1138,2022-05-18 19:33:06
ccc7eb13-d2a0-41e6-90dc-4ae30c1ec672,Awesome! I love Spotify so much! 5/5 for sure!,5,0,8.7.26.901,2022-05-18 19:54:13
6e70189d-ea18-40ca-8b9f-797008328755,"Not using, remove",1,0,,2022-05-18 19:57:10
cffab46a-d65c-4c93-842b-41859de0412a,Better than you tube,5,0,8.7.30.1221,2022-05-18 20:06:57
3337bf12-3452-413d-be55-b20eb12d08b3,Good,5,0,8.5.89.901,2022-05-18 20:19:39
ad19c5c2-4ef1-4082-9c92-6ddc4b505716,It sucks My podcast isn't showing and it's link keeps on saying unsupported browser,1,0,8.7.30.1221,2022-05-18 20:50:14
bc0c6cf6-14cf-4ef8-a0ca-b6816c84d95b,Awesome music app 👌,5,0,8.7.30.1221,2022-05-18 20:51:04
0fa3ba4e-f0f1-46bb-9d63-fdcdf0c4e6d9,I have a premium account and still getting McDonald ads when I listen to podcasts. Fix this issue as it's not fair on the people who have premium accounts.,1,0,8.7.14.1332,2022-05-18 21:00:43
31c3be43-232d-4d07-b07a-542202de202a,Some time in 2016; Can't Live Without it!! Update 5/18/2022 Still can't live without it. Also a great Podcast manager,5,0,8.7.30.1221,2022-05-18 21:01:40
2be9adcc-a73d-47f3-84e3-4b969631e402,"A very diversified range of music, kind of spot on..pun intended!",5,0,8.7.30.1221,2022-05-18 21:42:34
b75fd9d2-5ce8-40af-8a4f-b9fbfd959c65,Omgggg 🜲,5,0,8.7.30.1221,2022-05-18 22:08:38
76906d0b-5e92-44f8-8301-85e633997a6e,Amazing just Amazing 👏 😍,5,0,8.7.30.1221,2022-05-18 22:16:50
1645a1ea-9ec5-40e9-b266-49a432952493,I love this app. You could not make a better music app. It's all there every time. The price is as good as it gets. As a matter of fact I know they aren't charging enough.,5,0,8.7.30.1221,2022-05-18 22:24:47
692143a7-6555-4709-aece-38d4a57db08e,This is the ONLY player u need!!,5,0,8.7.26.901,2022-05-18 23:17:22
1ea813da-6dea-4b8d-a5ee-384fdd54644b,Free Use is therapeutically helping me on the go and at Home. Spotify is a great tool.,5,0,8.7.30.1221,2022-05-18 23:20:04
5bb7b908-615e-40af-aaba-a4f53631ed6f,"Many Genres, greet selections!",5,0,8.7.28.1217,2022-05-18 23:30:35
9f9ef9cc-3064-4643-b6d9-24cf9d02fac8,You got rid of stations where I was actually able to listen to my music easily while driving instead of having to search for each song or use someone else's playlisPlaylist. Bad move.,1,0,8.7.30.1221,2022-05-18 23:52:45
f4365401-9031-4e70-910f-e3456fd5c02c,"Would rate it better if YOU RETURNED THE ABILITY TO PREVIEW THE SONGS BEFORE YOU ADD THEM TO YOUR PLAYLIST! Seriously what idiot decided it was a good idea to remove that feature?? Also the ads, yes i get it you need money and stuff but do you really need to give 2 30 second ads every song? Also the fact you search up a specific song and ITS PUT IN AS A PLAYLIST. WHATS THE POINT OF THAT?? Other than that its a good app, just has some problems.",2,0,8.7.30.1221,2022-05-19 00:04:30
a76500ac-c7b1-4a15-aa4a-aed9de72f238,"I hate how it updated, you shouldn't have to pay for premium so you can click/pick a certain song in a playlist, and download playlists. PLEASE FIX THIS, IT DOESNT MAKE ME WANT PREMIUM ANYMORE THAN I DID BEFORE. I JUST WANNA PLAY A SONG IN MY PLAYLIST BRO.",3,0,8.7.30.1221,2022-05-19 00:25:35
b312df35-a4ad-4b59-a11a-fa3120c318c4,Great app,5,0,,2022-05-19 00:38:36
a9ba3c6f-0b09-4e32-8f7a-2d6245d73066,Something wrong 😞😞,1,0,8.7.30.1221,2022-05-19 00:40:38
144808be-b74a-4aa2-a3bf-03745619f173,"Good to use this app,enjoyed.",5,0,8.7.30.1221,2022-05-19 00:56:27
9c0e2719-c8bb-463a-8161-95425a0ab8b7,This app is the best app to use for music,5,0,8.7.30.1221,2022-05-19 00:58:30
bda4a09e-b564-4f60-a9ab-fcfc6e9d3afd,I am enjoying the music in Spotify. I like this music app. Thank you very much.,5,0,,2022-05-19 01:06:28
6c3f338f-b6c7-4db1-988f-3ee7393cff27,I'm satisfied with this app!!!,5,0,8.7.30.1221,2022-05-19 01:07:43
b6c65dde-fc8a-4364-b495-0c62d105d2de,"Easy to use, great range of music and podcasts",5,0,8.7.30.1221,2022-05-19 01:07:46
3a8f973a-3ffb-4e51-9e5c-b02c761b031f,Great for my music and podcasts.,5,0,8.7.30.1221,2022-05-19 01:11:32
3f469649-3450-4b1c-9e33-16d65b75bb93,This make me chills so good fun to hear,5,0,8.7.30.1221,2022-05-19 01:26:10
9341a5a1-f250-4cf1-9433-7769a67719bb,It's nice I use 👍,5,0,8.6.52.916,2022-05-19 01:35:06
573ce247-c6a8-4daa-a6e3-fac95fc53424,你测,5,0,8.7.30.1221,2022-05-19 01:40:23
571d0664-3e99-4580-8dc1-178afac13182,"I'm not using this app since a long time ... because the thing which makes me not to open this app is ""NO DOWNLOAD OPTION !!!"" I request uh to fix my problem...",1,0,8.7.10.1262,2022-05-19 01:48:05
fe169b07-7655-41a5-9bb2-1b52b2eb96d1,Good music and easy to browse...love it and very useful,5,0,8.7.30.1221,2022-05-19 01:50:15
a109ea5e-645d-4918-b00a-598219c52130,Loving this,5,0,,2022-05-19 01:52:28
ea921d37-2533-450d-a495-8bd288e32f64,I love listening to my favorite rapper when I'm sleep,5,0,8.7.30.1221,2022-05-19 01:54:36
2ee18fce-268c-4b6d-833e-4ed9cd9f42dd,Super apps,5,0,8.7.28.1217,2022-05-19 01:55:09
9c23fd71-3194-48f6-a56c-6d1fc74acb04,Awesome,5,0,8.6.88.1104,2022-05-19 02:01:08
6f2b298c-2815-4727-a40c-ac4d472e92c2,I love all the k pop music and different styles of music for all ages and they're just awesome.love it 5 star,5,0,8.7.30.1221,2022-05-19 02:04:53
433bdbb1-f36a-4f68-bc1c-53b51c0bbc3e,Best cretion of mankind,5,0,8.7.30.1221,2022-05-19 02:06:33
ced69edc-fe61-47e0-bf83-510cd818b986,Not responding,1,0,8.7.30.1221,2022-05-19 02:15:16
e58b911e-7f54-4b9a-aa3f-1666f2e77f87,"I love that the app can be used on all my devices. I can instantly swap from my xbox to my phone or tablet, or my echo dot. The algorithm seems to do a great job of selecting and showing playlists I like based on what information I feed it. Only cons- I cant play the playlists from my own music I have collected over last 20+ years and it has a tendency to cut out when I am cruising on my motorcycle. I have to keep pulling off the road to get it playing again.",4,27,8.7.30.1221,2022-05-19 02:38:06
792e0b7b-4d84-40ff-aa51-d77609dd9fd7,Super music,5,0,8.7.26.901,2022-05-19 02:46:12
432c360e-53a4-4726-9a1b-ae7ad5db43f1,Exceptional,5,0,8.7.30.1221,2022-05-19 03:08:15
1a8e1602-db41-419c-8dff-9ae8f59ecc69,Best of the best music access app listed online.,5,0,8.7.30.1221,2022-05-19 03:10:12
c0e772fc-3d9f-42ec-b638-21b3646d3e10,"I Hope you add some more perks on Premium Mini like add more songs to download because 30 songs are not enough, Thank You",5,0,8.7.26.901,2022-05-19 03:34:48
453e5b87-362e-4140-9f13-b9c493d6b436,No adv . All look good,5,0,8.7.30.1221,2022-05-19 03:35:39
cad66c0f-a355-4f97-9964-34877448dfee,"I moved from Apple Music to Spotify because Apple had way too many bugs. Lately, Spotify has had so many bugs and I have reached out, but it's always the same. A link to a forum that tells you how to do a fresh install which does work... temporarily. Then you're back where you started. I understand bugs happen but lately it's really felt like these issues aren't taken very seriously. For the record, I have an S22 with the latest software. I love spotify, but I wish it worked smoother.",2,30,8.7.30.1221,2022-05-19 03:41:04
68c4ff01-0949-4a0d-b3e8-9fd314003a3f,Good,3,1,,2022-05-19 03:44:48
e0be6861-06d6-401b-98a9-34dcf2c0df78,Play music nice one,4,0,8.7.30.1221,2022-05-19 03:47:38
b065336d-fa45-4ab5-af7b-ae5afcd56b87,GREAT APP !,5,0,8.7.10.1262,2022-05-19 03:58:40
2b492d57-7a77-4c04-96e8-6ef64078730f,Just Wowww,5,0,,2022-05-19 04:17:46
4c669e46-835c-426f-978b-d41d5943dc25,"ok the app was really good when I first used it, but after the update it became literally like trash. like for example. I couldn't play the song I wanted to, I tried uninstalling and reinstalling back but it wouldn't work. Please fix this so I can put the rating into 5, I would appreciate it.",3,0,,2022-05-19 04:18:57
a84ba43d-6e29-4404-b677-8e021c720f00,"There's always something wrong with this app. Before, my music would stop randomly. Now, I choose one song and it skips to another.",3,0,8.7.30.1221,2022-05-19 04:22:59
b41728a3-428b-45a1-8cbb-2a7407b5b5aa,Wonderful,5,0,,2022-05-19 04:26:34
e02dcb34-59e0-49f3-a98f-0b9754691b43,Please bring the old UI for music player back or at least I can select.,2,1,8.6.86.1231,2022-05-19 04:27:34
dd0142d4-01b0-424f-9acd-40fb935cff48,It good i just wish you could customize the mood/genera filters on the liked songs. Also the shuffle and play thing i want to click shuffle multiple times not only being able to press it once.,4,0,8.7.30.1221,2022-05-19 05:00:47
2661dfcf-8a8b-4e7e-8a49-882bdbebff05,Best audio streaming app. 😊,5,0,8.7.30.1221,2022-05-19 05:15:48
83af832b-fcbc-4765-b0d7-e1f3075dece5,all good,5,0,,2022-05-19 05:36:03
84e75430-6927-456f-8b06-9935bf97590a,Keep it up 🙌🏻,5,0,8.7.30.1221,2022-05-19 05:41:04
c66174c2-ea8f-4659-8ccd-92da947cac58,I don't ever have any issues with this app. Works properly every time. Great app in my book.,4,0,8.7.8.1206,2022-05-19 05:54:47
d919f47e-59e5-4281-883a-8f3dbffc5572,Awesome,5,0,8.7.30.1221,2022-05-19 05:56:42
6526c526-5035-40f0-8194-adb5b2005efb,This App Is Not Good Thin Gaana App😎😎😎,4,0,,2022-05-19 06:27:20
48b1396f-79b3-41dd-817b-de9be4610573,Yea it's cool,4,0,8.7.30.1221,2022-05-19 06:32:15
c507574f-88b6-487c-88a0-8c9f07af4cb3,It is not updating just says pending already 2 days,1,0,,2022-05-19 06:38:44
ad761a2f-61a9-4322-a1b0-9f4bdb52deb2,Mene is app ko download kiya bout mast aap he,5,0,,2022-05-19 06:42:00
7caada4a-c80e-4b67-a259-ee7879fdcac9,Good app,5,0,8.7.30.1221,2022-05-19 06:54:14
f1957f90-829f-4ee4-a52f-792a8d63d34b,"You search for a song and instead of playing that exact song, they play some wierd song you never even searched for",1,0,8.7.30.1221,2022-05-19 07:10:02
48af1495-9b8c-40e2-b11b-be913ff87af0,👍,4,0,8.7.30.1221,2022-05-19 07:15:18
623dd273-cbc8-4136-9076-c12c4388b8d0,I Love Spotify Radio 📻💯🙏,5,0,8.7.26.901,2022-05-19 07:33:40
b0a52871-a0f7-40fc-a291-5cec3a0a1041,Good app,5,0,8.7.28.1217,2022-05-19 07:42:08
845741e4-da3b-4954-b354-e0c140f5a8a0,No quiere sonar,5,0,8.7.30.1221,2022-05-19 08:16:13
f5232422-4b05-4817-9e02-08fd9b8136d1,Good,5,0,,2022-05-19 08:18:50
22369b10-064f-43a1-a366-3421e0222f73,Brilliant Queen of the day E. L.O.Dire Straights They'll Rock You with your Ear Buds in as we Said In The 60 sRock on! 😊😃👍,4,0,8.7.32.1554,2022-05-19 08:39:40
c26ea274-b931-4076-a2a5-12d2321fbbd4,I love it,5,0,8.7.30.1221,2022-05-19 08:43:29
f5cfe970-1ffb-47eb-8c91-c514fd4f337d,Best op songs,5,0,,2022-05-19 08:53:22
90935207-f719-4d8e-8266-f81fe0d21763,Osm,5,0,,2022-05-19 08:56:03
4363ebc1-e5c3-497d-bc2d-81ac2c1a0612,Great,5,0,,2022-05-19 09:01:26
1b678a21-aa6d-4ff3-9c02-cf944d5afeb4,Beeter than anyone,5,0,,2022-05-19 09:09:03
a9ce1afc-f2ef-4203-aa9b-eb06d67f66b4,"THE ENCHANCE FEATURE IS MY FAVORITE PART OF SPOTIFY , WHY WAS IT RANDOMLY REMOVED. I CAN'T SEE IT ANYMORE FIX IT",1,0,8.7.32.1554,2022-05-19 09:30:13
0dd0a62f-759b-4317-ac3f-9013fe4a8367,Very good,5,0,8.7.26.901,2022-05-19 09:49:27
5af26f9b-587f-4856-9872-6ed0984d8eed,I Love Songs 😍,5,0,8.7.30.1221,2022-05-19 09:50:04
1b9120fd-2270-4267-9fd9-c439c0c992e8,Just amazing app,5,0,,2022-05-19 09:55:11
db494d15-8eab-44d6-bb87-a6ca7d32dced,It's a good app. Been using it for years.,4,0,8.7.30.1221,2022-05-19 10:09:00
a57b3fde-2938-4bcd-b279-e265bc99525a,Nice features in this app. The overall system was great.,4,0,8.7.28.1217,2022-05-19 10:37:08
ee6ab726-74ab-4a6c-8ad8-8be293219f3e,❤️,5,0,,2022-05-19 10:39:17
4b432466-5afc-4d97-9aa5-074d8c01fc68,Good,5,0,,2022-05-19 10:49:49
cf9702b7-6642-4ced-8cb3-03d32dd31840,Best songs apps only if paid.,5,0,8.7.26.901,2022-05-19 10:55:21
a7514cb6-d2f1-4fe4-b25b-c94bab5d150e,"Four Stars Cos It Only Listen And Search, If It Could Download I Would Say It Is The Best ✌",4,0,,2022-05-19 11:07:56
aac2835b-bda0-434e-806d-daad86ecaf0e,TBH sa aaa,1,0,,2022-05-19 11:08:04
01948c9a-3a6b-4dc3-9e59-07d7b89097b8,luv u,5,0,,2022-05-19 11:08:06
e9419a1e-6c1b-4d0c-99b3-39111ed10817,Best app for music 🎧😍,5,0,8.7.30.1221,2022-05-19 11:37:18
68021c9f-494b-45cc-bd8a-554981f04dba,Amazing app,5,0,8.7.30.1221,2022-05-19 11:55:48
3a74946e-330f-4148-a613-e9be423e617d,Nice app,5,0,8.7.32.1554,2022-05-19 12:10:19
a47dd1d1-444a-4032-aa96-66e3bffd3936,F....... App,5,0,8.7.32.1554,2022-05-19 12:13:20
dcb29bb4-f434-49cf-bf15-d24de2f231cf,😞,1,0,8.7.30.1221,2022-05-19 12:37:46
2cf72dfc-895e-47aa-bf19-e1294934bd81,its great i just wish that if you can find a song on youtube you should be able to find it on spotify,4,0,8.7.30.1221,2022-05-19 12:43:38
58067919-a8c0-485b-982c-368acf05cb09,Ok,4,0,8.7.32.1554,2022-05-19 12:50:16
6affad03-3785-434c-b3d3-50958f0d8af5,"My only only complaint is when I enhance a Playlist, I don't want the enhanced songs to auto add to my Playlist after a certain length of time. If I want to keep it, I'll add it. Pls make it so they disappear after a while.",5,1,8.7.32.1554,2022-05-19 12:50:27
a09ff99e-8c1a-4bdf-8c6b-2892a16f3400,Very nice app🥰,5,0,8.7.30.1221,2022-05-19 13:01:55
dafce220-71c3-4d6d-8818-8a9c761371ee,I Like it,4,0,8.7.32.1554,2022-05-19 13:16:25
e36f5498-124f-450c-a95a-d7ce3cbed4ad,PLEASE ADD A PLAY NEXT OPTION! I don't like the updates it get worse every time. Old versions were better. Want the good old simple classic features. The made for you playlists are nice. Can't u guys limit the ads? And keep the 30-minutes- interruption-free-if-you-watch-the-ad promise? Suckers. We need a select-multiple option to select multiple songs to add to playlist. That's really a need! And u should have hide song feature for our own personal playlists too,4,10,8.6.72.1121,2022-05-19 13:16:44
2f0b2929-04ac-4f51-aa82-19eba7aada7f,Everything I wanted!,5,0,8.7.30.1221,2022-05-19 13:21:50
24c17a40-ea39-4782-90f2-4b849e21af40,Best music listening experience.,5,1,8.7.30.1221,2022-05-19 13:24:35
bcce5aae-2d7f-4513-905f-4fd48bb04338,Great,5,2,8.7.32.1554,2022-05-19 13:25:23
1381b98c-bd67-4877-9fdb-f70c7e07e8e2,I want to download the app but it's not able to download,2,0,,2022-05-19 13:27:23
8b08bf97-70e3-4a9c-9334-57ed0467003f,Too much ads,2,0,8.7.30.1221,2022-05-19 13:27:26
cdf3ab11-c5f4-48c1-9885-e76842192776,This is the best app for music I love it when it comes to work it's even better ☺️,5,0,8.7.30.1221,2022-05-19 13:30:13
3dba2b90-f038-4027-93d6-34599ee2fa46,haha,5,0,,2022-05-19 13:35:09
f5687cf1-e92e-4aac-9c84-e6997d234693,"I only use this because it's integrated with my Tesla. it's acceptable, minus the occasional song randomly refusing to play for some reason. START PAYING YOUR ARTISTS MORE YOU GREEDY MFERS!",2,0,8.7.30.1221,2022-05-19 13:38:16
1d561de2-c254-489d-bcc3-3410e5f4bf57,Very best,5,0,8.7.0.1147,2022-05-19 13:48:11
38cff488-bd2f-4c00-bba8-99aef9d0179a,Love to pick my favorite songs,4,0,8.7.32.1554,2022-05-19 13:58:48
ebd7c01f-4c0c-410f-9c19-d2af8e82cae3,Pretty cool,4,0,8.7.30.1221,2022-05-19 13:59:30
38e73a13-faf8-45ec-b034-eaef48f74cb0,Good tunes and easy options,5,0,8.7.28.1217,2022-05-19 14:00:56
2058f866-dd46-4774-81c7-15597fa69b37,Fatafati app happen fatafati music listening life fatafati happen,4,0,8.7.10.1262,2022-05-19 14:29:55
d2fae84c-e5c0-49b1-845e-c0639f65eab4,It is very useful,5,0,,2022-05-19 14:30:24
271175ee-eeb5-42c5-a05d-834317b850cc,"Storage location keeps defaulting to internal every time I restart my phone. Spotify post about it was solved erroniously with ""we are looking into it""... two years ago. Kept getting passed around from CS to CS in chat. It seems that Spotify devorces Customer Support from devs, preventing real bugs from getting fixed.",1,0,8.7.32.1554,2022-05-19 14:35:41
bc362374-67f2-4d1a-bbd2-eb99c04fd14b,Google assistant won't work with spotify when asking for a song in lock screen.,4,1,8.7.30.1221,2022-05-19 14:39:31
fc7ab63a-72a9-486d-bcca-13eb81be84c0,One Of the best app for enjoying your favourite song 👌👌👍👍,5,0,8.7.32.1554,2022-05-19 14:39:48
88e924ea-5114-49c7-970c-7b8c2938857e,Very nice application for music,5,0,,2022-05-19 14:48:54
d39aaa66-8a23-49f5-aeca-055a0aba1edf,Songs are great but too much of Advertaiesment like every after one song it's too bad,3,0,8.7.28.1217,2022-05-19 14:49:02
a700f8a7-6a2f-4db4-850c-d05773f1f99b,"STOP ADDING RANDOM SONGS TO MY PLAYLISTS I CAN'T EVEN SKIP THEM I USED ALL MY SKIPS ON THESE ""SUGGESTED SONGS""",1,0,8.7.30.1221,2022-05-19 15:00:26
9c98abbe-4884-496c-a90c-f0e02c844b96,Good app,1,0,,2022-05-19 15:10:27
30ef638c-e6b6-4f5c-a617-711a5aece68b,Best music but I hate too many ad,5,0,,2022-05-19 15:25:42
8c2e335c-b974-4db9-99e0-e205723d7611,Ever since I got a new phone after downloading Spotify it keeps clinching. Won't play a song right away when I open the app it force closes itself.,3,0,8.7.30.1221,2022-05-19 15:25:50
1c6349f7-a630-4bd7-9536-44ab8bec65b5,Nice all the time.,5,0,8.7.30.1221,2022-05-19 15:34:45
ebec024a-7874-4f7c-a15f-27185b527fc5,Exceptional,5,0,8.7.26.901,2022-05-19 15:41:23
1ba16a66-5473-4f78-8c43-97879f0ebbda,Excellent,5,0,8.7.26.901,2022-05-19 15:46:34
dc842553-df74-49c5-9988-cd373a064974,Wow,5,0,8.7.30.1221,2022-05-19 15:52:02
242bf4b7-d335-49f2-a2d5-516328bfab9d,I'm using your Modded apk (Premium version) without any cost That's too cool🙃 Thankyou Spotify 🙂🙃,5,1,8.5.44.941,2022-05-19 15:55:55
0e43737a-5e4d-47aa-b006-8c4289065921,... Love This App,5,0,8.7.30.1221,2022-05-19 16:15:20
454dc6bd-4ad5-4b96-80b8-0f03d412f4c3,Bb,5,0,8.7.30.1221,2022-05-19 16:27:15
b6465eef-1797-42e3-ba22-417146a99c39,Amazing music streaming app.,5,0,8.7.28.1217,2022-05-19 16:49:30
c4d6d912-f128-47cf-99cc-6c23ec25d42e,Good to listening,5,0,,2022-05-19 16:52:12
93ccbbbb-5ef4-47f5-8e86-70d26e88510e,Felicidades Premium Familiar,5,0,8.7.30.1221,2022-05-19 16:55:50
2c42d476-72f2-41bf-80d2-f693131ca72a,Nice 👍👍,5,0,,2022-05-19 16:55:54
502091da-c1bc-425d-9a17-dd454c555a44,can find songs from way back that i couldnt find anywhere else,5,0,8.7.30.1221,2022-05-19 16:58:48
c57468c5-d8ab-4657-9464-122dd3a636c1,Excellent,4,0,8.7.32.1554,2022-05-19 17:07:59
929ee31c-dccb-413f-9fe1-59d10eddcdb1,"Please add a way to stop telling me to connect to a device most times when I open the app. If I want to connect to a device, I'll do so. Also, please have a dedicated portion of the home screen for new music for artists I listen to/recommend. Tired of having to just see if it's there or not and then having to search out music on my own.",3,8,8.7.32.1554,2022-05-19 17:23:32
45640e46-c02a-4365-9c8e-b3d8b6a58ca9,Easy to use and good customer support.,5,0,8.7.30.1221,2022-05-19 17:29:22
c2734541-23c4-469d-aca9-244a78f5fe52,Amazing,5,0,8.6.52.916,2022-05-19 17:42:40
b60aa5bc-7733-4b8a-aa2b-c985097033a7,Hihi,5,0,,2022-05-19 17:44:41
ab5dcd95-0a3a-403a-be74-6e19c7d2edd1,I 100% enjoy Spotify,5,0,8.7.32.1554,2022-05-19 17:49:04
e939b839-e56f-4536-91cb-63df535847f3,Awesome!,5,0,,2022-05-19 17:53:47
08929c3a-7c9b-4f7e-adc0-14e41d816bf8,Amazing,5,0,,2022-05-19 18:04:39
27046743-1dbc-4c63-8409-bb2a9a997469,Best app forever,5,0,8.7.28.1217,2022-05-19 18:11:31
4fe8c056-92fd-453f-9390-38aa6cc1ef09,Love it,5,0,8.7.30.1221,2022-05-19 18:12:22
3673b64b-d5f1-4848-b2f1-c1a685036957,"This is a great app! I love it so much. my only complaint is that theres no way to re-order songs in your playlists. But to be fair im using an old version, so i cannot complain, i would totally install if you havent already.",5,0,8.7.30.1221,2022-05-19 18:27:40
23913598-f061-4420-904b-0bc230d29ba9,Babylily2,5,0,8.7.32.1554,2022-05-19 18:46:16
ce0ee503-290d-4a10-b768-b0a429fca2b8,This is honestly therapy whenever I just feel anxious going on Spotify and playing music helps this is an awesome app,5,0,8.7.30.1221,2022-05-19 18:49:46
fac69ef6-a492-4005-9e6a-811e60b690b0,Really really good and easy to use,5,0,8.7.28.1217,2022-05-19 19:17:42
d026f593-81ce-4ed8-8913-8e8a0160c623,Totally brilliant app,5,0,,2022-05-19 19:18:14
390002af-7a95-4cc7-a42f-b266e38ed666,"Spotify is the og especially if you have premium, however, I really really wish they switched the controls back around. You know, where the play button is in the middle 😐",4,0,8.7.32.1554,2022-05-19 19:19:10
aeaa8783-90f3-48ad-918c-58b60bdd34f3,Great,5,0,8.6.82.1113,2022-05-19 19:35:28
9af57976-5f0f-4ecd-9559-aba739263aa8,Spotify has to get its s#@t together. The glitching has become unreal.,1,0,8.7.30.1221,2022-05-19 19:49:02
69cb2961-fe03-4d6a-83c0-b64f44a89706,Love it is cool Great app .,5,0,8.7.30.1221,2022-05-19 19:55:31
4caacfc6-6b72-4b96-86b9-802296909ea3,Not bad,5,0,8.7.28.1217,2022-05-19 19:58:14
37b6737e-259b-4659-80c2-3f67a38cbc1e,"This app is fine, I like that I can listen to music without paying, but there are too many ad's. And you only get six skips per hour. It's also hard to find the song that you searched for, and most of the time to get to it, you have to use your six skips, and you can't even get it half the time.",3,0,8.7.30.1221,2022-05-19 20:07:41
012f33b0-2804-49b7-88a2-5a3c99932ebf,Plays on your phone n Xbox,5,0,8.7.30.1221,2022-05-19 20:08:50
ff7c9f9b-589d-43a9-b579-f1a178aa46e2,"Need to pay for premium if you want to select songs to listen to. Otherwise they force the artist of their choice into your ""shuffle"". Can't even listen to an album start to finish without paying for premium. Honestly I'm going back to an iPod, this is so stupid",1,0,8.7.32.1554,2022-05-19 20:33:03
0ed40730-618e-4f24-8794-6e3b1dd9272f,The best 🖤,5,0,8.7.26.901,2022-05-19 20:35:50
7ff67eaf-7564-49ed-8539-ed7e1a0d1a5f,A nice music app,4,0,,2022-05-19 20:40:13
692fab01-ffcf-4c2b-aa2a-0f3dd3442559,the best music app 😏,5,0,8.7.30.1221,2022-05-19 20:57:16
bc45487b-0a7e-428b-a5aa-feea207f8e3a,Exceptional experience 👍,5,0,8.7.24.1111,2022-05-19 21:12:30
45ab5070-9906-437c-bd3e-2fff82bb535b,"Spotify connect was killed, so I cannot use the car stereo integration now. Well done. Really thinking about switching to another service.",1,0,8.7.30.1221,2022-05-19 21:12:31
e9d0d954-7cab-4bf3-beda-b7a549bcb655,I really enjoy this app and have been for a while now.,5,0,8.7.30.1221,2022-05-19 21:35:28
66fd9af5-eaa3-4f23-8bd2-bd921eaa6886,Can't easily turn off the promotional notification spam.,1,0,8.5.78.909,2022-05-19 21:37:06
52b57ac2-6fd6-4bb7-9d98-a32286083493,They have everything you want to hear,5,0,8.7.30.1221,2022-05-19 21:40:36
5eeca952-e90b-4e5e-8cb5-5bf57483f127,"3,s",3,0,,2022-05-19 21:41:06
6fe721fe-cbbd-4b09-adc3-b5a53d2b8712,Amazing app I like it 🔥,5,0,,2022-05-19 21:45:47
0c4c4a04-2319-4d18-8077-16f2887dd5f7,Love Spotify and I need to use it more for my streaming,5,0,8.7.28.1217,2022-05-19 21:50:59
659855b8-4070-47a1-9aa8-4548a165b3e9,Good,5,0,,2022-05-19 21:58:31
13af1a7d-29eb-4bbe-93ed-b126debb9c97,"Had this app since my youth never had a problem with it and all considered worth the pay too, better than any other service.",5,0,8.7.32.1554,2022-05-19 22:05:17
a0f6ba69-615a-49b9-979e-cf110b574fbb,Smooth and clear,5,0,,2022-05-19 22:13:53
03b180a4-7edc-47f2-86df-b56c4a9a6a70,I've used Spotify loyally for as long as I can remember but I just had 6 adverts then 2 songs and then 3 adverts on an app that is glitching every day. Random app closure and pause button disappearances.. the cost of this free app is becoming to much.,2,0,8.7.30.1221,2022-05-19 22:16:13
c617bf44-92d9-4af4-ad4c-eeb3ef38b05c,Brilliant in most ways,4,0,8.7.30.1221,2022-05-19 22:30:06
022dffe4-2990-4e10-8f4e-4c891d041580,Perfectly okay,5,0,8.7.26.901,2022-05-19 22:33:41
622d9cdb-4b5f-44b8-9863-11b0ff6f162d,"Been using this app for years with little trouble, but recently they took away two very important (to me) features - sorting liked songs by any genre, and letting me press shuffle play multiple times. They've separated shuffle and play in playlists for no reason and I have to switch playlists to restart a shuffle.",1,0,8.7.32.1554,2022-05-19 23:05:03
6b783fdd-0822-4696-93d3-3cc46415ac1e,"It's a pretty good app if you pay, but it's awful if you don't. You don't get to skip more than 6 song, pick a song, and there is like 5 ads in a row",2,0,8.7.30.1221,2022-05-19 23:08:38
a44f33ef-2b88-4411-892f-c22406cde082,It was good now I can't even listen to music let alone click on anything without it kicking me out,1,0,,2022-05-19 23:50:20
b1fce403-2d2a-4b17-a750-553e87582c71,Great music,5,0,8.7.30.1221,2022-05-19 23:52:20
13727981-4bc9-4dc1-b6b8-a715ba58a3e7,Wow! I recommend Spotify to any music lover. Every music genre is available with thousands of songs to create your perfect Playlists. Every song for every mood.,5,0,8.7.30.1221,2022-05-19 23:53:13
96648d5f-6235-4c67-96fa-2c77c6e90108,To me I think this app is fantastic! I don't really see anything wrong with it. The only thing it lags just a little. Other than that.. this app is amazing! I love how u can play songs when I'm on a different app. I am IN LOVEEEE!,5,0,8.7.32.1554,2022-05-20 00:47:41
b873d386-da2e-44ee-bc2e-17fb4dc950b5,"Quadruple ads.. can't play a song without playing a random one first, I try to play a Playlist and a song I removed plays, awful.",1,0,,2022-05-20 00:48:59
9dbaf283-5aff-470d-8c93-f78ec03191bb,So very very very very good,5,0,8.7.30.1221,2022-05-20 00:55:57
2ef4e285-3ab5-45a9-b017-a1784d08f153,"Don't get me wrong spotify is a good website/app/TV app, I'm even listening as I write this but thing is, they took away a feature I very much liked. You see, after making a Playlist you have the option to choose search songs up and get a preview of how it sounds. That was the way I built up my Playlist but they took that from me. Now they expect me to know the song name and the artist, which I usually I only ever now the song name, and turns out a lot of songs alsohavethesamename.itsproblematic",2,3,8.7.32.1554,2022-05-20 01:00:29
e0846116-8e01-41ab-a4d0-7c3c67941cfa,music keeps randomly playing on its own. the app will be completely closed and then suddenly opens by itself. cannot find a solution to this.,1,0,8.7.30.1221,2022-05-20 01:10:15
fc124158-4fe2-413f-a0a5-162e01056946,"Lots of commercials during podcasts. Not a huge fan. I pay to have Spotify, shouldn't have ads during my listening",4,0,8.7.30.1221,2022-05-20 01:12:06
f6fd7c02-1e5c-4a60-8d42-60ec5c1f6f25,Great streaming music,5,0,8.7.30.1221,2022-05-20 01:16:54
6d4ec9d8-8b3e-422e-81c8-779880a9d65f,My favourite app,5,0,,2022-05-20 01:26:01
998f4813-ca4c-4c70-a3bd-0fa22a718ed7,"I'm satisfied haven't used any other music apps so I couldn't tell ya. I tend to stick to what I know, and I don't know much.",5,0,8.7.30.1221,2022-05-20 01:43:01
ea52bc1c-4904-4ba6-ac70-0275e6cfae5d,I hate the app>:( When I first used it it was fun I was gonna rate this 5 star's but now the app sucks The fact that u guys putted A suggestion song's on this app makes it sucks even more And I can't even rEEEEEEE PLAY MY song's that am playing,1,0,8.7.32.1554,2022-05-20 02:00:48
9f6a9490-88fc-4d6f-ac4a-6602002350c6,"Trash. Can't chose what songs specifically that you want to listen to unless you pay. Have to just throw on shuffle and hope you hit a song you like. If you want to listen to music, I'd rather just use YT Music. Easier and you can actually pick a specific song to listen to.",1,1,,2022-05-20 02:08:05
7f8790d6-58c6-4986-8608-c65d61678d3f,"Great app, works wonderful.",5,0,8.7.30.1221,2022-05-20 02:09:24
2c52eb6e-da97-4f2e-9a85-57533bca7ff4,"Can someone tell me why spotify keeps opening itself even though I've denied all permissions, restricted the app, etc? I don't allow it to run in the background specifically because it opens itself and slows my other apps down. And now it's opening in spite of me denying those permissions????",1,0,,2022-05-20 02:09:54
ce601411-9cad-46d0-b357-29599be56c67,Good,5,0,8.7.30.1221,2022-05-20 02:33:26
2dccda91-21b4-4397-971d-04dbe0458691,Nice very nice 👌,2,0,8.7.32.1554,2022-05-20 02:58:23
da2b527c-a0f8-4972-b321-f7cb46caf604,Love it💝💝💝💝💝💝💖💖💖,5,0,8.7.30.1221,2022-05-20 02:58:25
b0845058-8570-4d50-be3a-2ec11cbb2207,It's ok but it's so annoying that u can only skip a couple times,2,1,8.7.32.1554,2022-05-20 03:04:35
7337876b-317f-4b03-b5cc-e160d0a942d9,Ookee,5,0,8.7.32.1554,2022-05-20 03:12:19
aec4f277-b75d-40de-bef3-837565cc1335,Good services but no losless sound quality,4,0,8.7.32.1554,2022-05-20 03:19:48
cd381609-4eec-488b-83ee-ae702c171b4e,This app is disgusting. The lyrics are not coming for available songs also.,1,0,8.7.32.1554,2022-05-20 03:31:21
c5338c59-4d3a-4974-8b3b-1c25aec25c8f,"Inscrutable, I love this application keep it up",5,0,,2022-05-20 03:48:00
6ae8584f-eb1a-4ef9-b96f-c74b8c90696a,Enjoyably. I love the variety of generes,5,0,8.7.32.1554,2022-05-20 03:52:37
4e981beb-d69d-4c62-8db4-4b04688194bd,🦍🦍🦍🦍,1,0,,2022-05-20 03:57:15
57c311fa-e59f-4bbe-9a2d-1f250d813dc3,I love this app but for some reason I can't choose songs to play by editing every sing is stuck on some preview mode or something and I can't turn it off so I give it 3 stars and everytime and it plays 4 or more ads in a row,1,0,8.7.32.1554,2022-05-20 03:58:43
e0222082-4872-4369-a89a-41dd422f2b51,You need premium to play the song you want I don't like the update,1,0,8.7.32.1554,2022-05-20 04:15:21
34d9f5c1-1cb2-4bc9-bd49-9f9414372700,Recommended.,5,0,,2022-05-20 04:29:56
b8acece5-1926-45a2-a21c-3dc0f006c977,👌👌,5,0,,2022-05-20 04:32:13
16b6484d-ab9a-4466-bfbc-a251bfa1abc4,Its down to sound quality or lack of it. Even instagram reels have HQ audio. You can't even provide a quality anywhere close despite charging so much every month?,3,0,8.7.30.1221,2022-05-20 04:42:44
03020207-1686-41da-8a1a-f6ee3d636ca0,I switched to Spotify for The Joe Rogan Experience and found a bunch more podcasts to enjoy...glad I switched...,5,0,8.7.32.1554,2022-05-20 04:42:46
dd8dcec7-5faf-4987-9c67-e7226608eac4,Ads free with full music on,4,0,8.7.28.1217,2022-05-20 04:44:35
48303ac1-6958-41ce-9406-1ff3b83e837c,They got everything,5,0,8.7.30.1221,2022-05-20 04:48:50
322779b2-be5d-4cc2-a2b4-728e938e1558,Excellent,5,0,,2022-05-20 04:49:24
512dadc1-702a-405d-bfa3-750ada96301e,this is super music app,5,0,,2022-05-20 04:52:26
b687793a-9d7f-4904-a5fd-419a46efd4d7,Amazing 🔥,5,0,8.7.28.1217,2022-05-20 05:10:03
1e411eea-a8b9-4ac9-8f24-2abdc9263c12,It's an amazing app i am enjoying alot and while listening music I go in my own imagination 😝😝😝it's amazing,3,0,8.7.32.1554,2022-05-20 05:11:05
bc575fcd-759e-4d3a-9b6c-3971e39a4bdc,Wo DJ ks thermal zombie certifying,5,0,,2022-05-20 05:20:58
dd91d2a8-4a78-4b5e-8c68-cdbce8703fa9,Good,5,0,8.7.24.1111,2022-05-20 05:41:14
746cf8de-3579-4441-9069-a2b8c8e467b9,Me and my brother is always playing song on this app idk why me and my brother like this app but cool,3,0,8.6.56.867,2022-05-20 05:41:33
d9a4dc79-8d65-40d3-862f-cdc28348ea10,Beacause ilike it app,5,0,,2022-05-20 05:47:08
0b03a8bd-79b7-49b9-91cd-4b8a85b7afea,"What is the irritating Update lol... No shuffle, Can't select songs individually and play it ... This is beyond Annoying omg ... Please rectify..",2,0,8.6.14.975,2022-05-20 06:19:04
626f9b8f-2fa1-4e2a-9aa1-107fd0bb5671,No complaints,5,0,8.7.32.1554,2022-05-20 06:34:53
f7b904ee-3600-4435-954a-3c08e98dbd65,Best app for listening your favourite music. There are many types of podcasts too which you can listen. I don't know why but I am not getting ads anymore which is a good thing. Thank you a wonderful app. ☺️,4,1,8.7.28.1217,2022-05-20 06:51:34
91042694-0d2f-4f28-85d1-d460391c6fff,Love so much,5,0,8.7.30.1221,2022-05-20 07:06:54
b476a3bc-ddc5-473e-8477-1cdb37f6ac86,Music is really good and quality is best 5 stars,5,0,8.7.32.1554,2022-05-20 07:19:01
a27580f2-b555-44ea-b959-d653e6ef2d14,"It is what its supposed to be, i love it,i just dont like the fact that once you download an album in one device you cannot download it again in another,😑😑so i cant always listen to my favourite albums offline.",5,0,8.7.20.1261,2022-05-20 07:22:21
